{
  "cleanUrls": true,
  "trailingSlash": false,
  "rewrites": [
    {
      "source": "/api/v1/:match*",
      "destination": "https://api.pancakeswap.finance/api/v1/:match*"
    },
    {
      "source": "/api/governance/vote/:address",
      "destination": "/api/governance/vote"
    },
    {
      "source": "/api/governance/vote/:address/:block",
      "destination": "/api/governance/vote"
    }
  ],
  "headers": [
    {
      "source": "/api/(.*)",
      "headers": [
        {
          "key": "Access-Control-Allow-Origin",
          "value": "*"
        },
        {
          "key": "Access-Control-Allow-Methods",
          "value": "GET, HEAD, OPTIONS"
        },
        {
          "key": "Access-Control-Allow-Headers",
          "value": "*"
        },
        {
          "key" : "Cache-Control",
          "value" : "s-maxage=60, stale-while-revalidate"
        }
      ]
    },
    {
      "source": "/api/v1/(.*)",
      "headers": [
        {
          "key": "Access-Control-Allow-Origin",
          "value": "*"
        },
        {
          "key": "Access-Control-Allow-Methods",
          "value": "GET, HEAD, OPTIONS"
        },
        {
          "key": "Access-Control-Allow-Headers",
          "value": "*"
        },
        {
          "key" : "Cache-Control",
          "value" : "no-cache, no-store, must-revalidate"
        }
      ]
    },
    {
      "source": "/api/governance/vote/(.*)",
      "headers": [
        {
          "key": "Access-Control-Allow-Origin",
          "value": "*"
        },
        {
          "key": "Access-Control-Allow-Methods",
          "value": "GET, HEAD, OPTIONS"
        },
        {
          "key": "Access-Control-Allow-Headers",
          "value": "*"
        },
        {
          "key" : "Cache-Control",
          "value" : "public, max-age=60, s-max-age=60"
        }
      ]
    }
  ]
}
